filename,category,title,creator,license,license_url,commons_page,original_url,width,height,description
landscape-01.jpg,landscape,File:1 lake louise pano 2019.jpg,Chensiyuan,CC BY-SA 4.0,https://creativecommons.org/licenses/by-sa/4.0,https://commons.wikimedia.org/wiki/File:1_lake_louise_pano_2019.jpg,https://upload.wikimedia.org/wikipedia/commons/6/6c/1_lake_louise_pano_2019.jpg?utm_source=commons.wikimedia.org&utm_campaign=imageinfo&utm_content=original,14102,7912,"Lake Louise, Banff Alberta, Canada. Panorama from beehive (2019)"
landscape-02.jpg,landscape,"File:Ergaki, Mountain lake Skazka, Rock formations, Sayan Mountains, Russia.jpg",Vyacheslav Argenberg,CC BY 4.0,https://creativecommons.org/licenses/by/4.0,"https://commons.wikimedia.org/wiki/File:Ergaki,_Mountain_lake_Skazka,_Rock_formations,_Sayan_Mountains,_Russia.jpg",https://upload.wikimedia.org/wikipedia/commons/c/cf/Ergaki%2C_Mountain_lake_Skazka%2C_Rock_formations%2C_Sayan_Mountains%2C_Russia.jpg?utm_source=commons.wikimedia.org&utm_campaign=imageinfo&utm_content=original,6000,3750,"Mountain lake Skazka and rock formations in the upper reaches of the Kebezh River (Yenisei River basin). Ergaki Range, Western Sayan Mountains, Krasnoyarsk Krai, Russia."
landscape-03.jpg,landscape,"File:Fog around Lake Heron, Taylor Range, Canterbury, New Zealand.jpg",Michal Klajban,CC BY-SA 4.0,https://creativecommons.org/licenses/by-sa/4.0,"https://commons.wikimedia.org/wiki/File:Fog_around_Lake_Heron,_Taylor_Range,_Canterbury,_New_Zealand.jpg",https://upload.wikimedia.org/wikipedia/commons/1/15/Fog_around_Lake_Heron%2C_Taylor_Range%2C_Canterbury%2C_New_Zealand.jpg?utm_source=commons.wikimedia.org&utm_campaign=imageinfo&utm_content=original,16968,3467,"Fog around Lake Heron close to Taylor Range, Canterbury, New Zealand"
landscape-04.jpg,landscape,"File:Krishansar Lake, Sonmarg, Kashmir valley, India 01.jpg",Rohit Sharma,CC BY-SA 4.0,https://creativecommons.org/licenses/by-sa/4.0,"https://commons.wikimedia.org/wiki/File:Krishansar_Lake,_Sonmarg,_Kashmir_valley,_India_01.jpg",https://upload.wikimedia.org/wikipedia/commons/f/f1/Krishansar_Lake%2C_Sonmarg%2C_Kashmir_valley%2C_India_01.jpg?utm_source=commons.wikimedia.org&utm_campaign=imageinfo&utm_content=original,6000,4000,"The Krishansar Lake (lit. 'Lake of Krishna') is a high elevation oligotrophic lake situated in the Himalayas of Jammu and Kashmir in northern India. The lake is situated at an elevation of 3,710 metres (12,170 ft) near the tourist town of Sonamarg in the Ganderbal district, on a trail connecting the"
landscape-05.jpg,landscape,File:Lake Helen in June 2022-6022.jpg,Frank Schulenburg,CC BY-SA 4.0,https://creativecommons.org/licenses/by-sa/4.0,https://commons.wikimedia.org/wiki/File:Lake_Helen_in_June_2022-6022.jpg,https://upload.wikimedia.org/wikipedia/commons/8/83/Lake_Helen_in_June_2022-6022.jpg?utm_source=commons.wikimedia.org&utm_campaign=imageinfo&utm_content=original,5927,3537,"Winter scenery near Lake Helen in Lassen Volcanic National Park, in the early morning of June 18, 2022. The picture shows the National Park after a fresh layer of snow coated the landscape the day before. Clouds are moving in from Brokeoff Mountain (on the left). On the right hand side, Mount Diller"
landscape-06.jpg,landscape,File:Lake Mountain Landscape.jpg,Bonnie Moreland,CC0,http://creativecommons.org/publicdomain/zero/1.0/deed.en,https://commons.wikimedia.org/wiki/File:Lake_Mountain_Landscape.jpg,https://upload.wikimedia.org/wikipedia/commons/7/75/Lake_Mountain_Landscape.jpg?utm_source=commons.wikimedia.org&utm_campaign=imageinfo&utm_content=original,5184,3456,Lake Mountain Landscape
landscape-07.jpg,landscape,"File:Lake Sylvester during the sunrise, Kahurangi, New Zealand.jpg",Michal Klajban,CC BY-SA 4.0,https://creativecommons.org/licenses/by-sa/4.0,"https://commons.wikimedia.org/wiki/File:Lake_Sylvester_during_the_sunrise,_Kahurangi,_New_Zealand.jpg",https://upload.wikimedia.org/wikipedia/commons/3/33/Lake_Sylvester_during_the_sunrise%2C_Kahurangi%2C_New_Zealand.jpg?utm_source=commons.wikimedia.org&utm_campaign=imageinfo&utm_content=original,7213,3342,"Lake Sylvester during the sunrise. The picture was taken near Iron Lake looking towards Nelson. Kahurangi National Park, New Zealand"
landscape-08.jpg,landscape,File:Lake in Dome Creek.jpg,Jakub Fryš,CC BY-SA 4.0,https://creativecommons.org/licenses/by-sa/4.0,https://commons.wikimedia.org/wiki/File:Lake_in_Dome_Creek.jpg,https://upload.wikimedia.org/wikipedia/commons/a/a3/Lake_in_Dome_Creek.jpg?utm_source=commons.wikimedia.org&utm_campaign=imageinfo&utm_content=original,4928,3264,"Lake in Dome Creek, British Columbia, Canada, April 2019"
landscape-09.jpg,landscape,"File:Landscape in Peyriac-de-Mer, february 2018 (05).jpg",Christian Ferrer,CC BY 4.0,https://creativecommons.org/licenses/by/4.0,"https://commons.wikimedia.org/wiki/File:Landscape_in_Peyriac-de-Mer,_february_2018_(05).jpg",https://upload.wikimedia.org/wikipedia/commons/e/ec/Landscape_in_Peyriac-de-Mer%2C_february_2018_%2805%29.jpg?utm_source=commons.wikimedia.org&utm_campaign=imageinfo&utm_content=original,7295,4542,"Hills, trees and footbridge reflected in the former salt ponds of Peyriac-de-Mer, Aude, France"
landscape-10.jpg,landscape,"File:Mountains in snow, Mountain lake, Chola Valley, Nepal, Himalayas.jpg",Vyacheslav Argenberg,CC BY 4.0,https://creativecommons.org/licenses/by/4.0,"https://commons.wikimedia.org/wiki/File:Mountains_in_snow,_Mountain_lake,_Chola_Valley,_Nepal,_Himalayas.jpg",https://upload.wikimedia.org/wikipedia/commons/5/5a/Mountains_in_snow%2C_Mountain_lake%2C_Chola_Valley%2C_Nepal%2C_Himalayas.jpg?utm_source=commons.wikimedia.org&utm_campaign=imageinfo&utm_content=original,4032,2688,"Mountains in snow. Mountain lake. View to the east on descending from Cho La Pass into Chola Valley, 5,200 metres (17,100 ft) a. s. l. Glacial lake, rocks covered with snow, Ama Dablam (6,810 metres (22,343 ft)) and other Himalayan peaks to the south of the Great Himalayan Range in Mahalangur Himal."
landscape-11.jpg,landscape,"File:Mt Sugarloaf (1238m) by Lake Heron, New Zealand.jpg",Michal Klajban,CC BY-SA 4.0,https://creativecommons.org/licenses/by-sa/4.0,"https://commons.wikimedia.org/wiki/File:Mt_Sugarloaf_(1238m)_by_Lake_Heron,_New_Zealand.jpg",https://upload.wikimedia.org/wikipedia/commons/5/54/Mt_Sugarloaf_%281238m%29_by_Lake_Heron%2C_New_Zealand.jpg?utm_source=commons.wikimedia.org&utm_campaign=imageinfo&utm_content=original,8240,3153,"Mt Sugarloaf (1238m; 4085ft) by Lake Heron, South Island, New Zealand"
landscape-12.jpg,landscape,File:Peyto Lake-Banff NP-Canada.jpg,"Tobias Alt, Tobi 87",CC BY-SA 4.0,https://creativecommons.org/licenses/by-sa/4.0,https://commons.wikimedia.org/wiki/File:Peyto_Lake-Banff_NP-Canada.jpg,https://upload.wikimedia.org/wikipedia/commons/9/91/Peyto_Lake-Banff_NP-Canada.jpg?utm_source=commons.wikimedia.org&utm_campaign=imageinfo&utm_content=original,4150,2467,"An attraction of Banff National Park in the Canadian province of Alberta: the turquoise Peyto Lake seen from a viewpoint at Icefields Parkway. This water colour is caused by glacier water, carrying what is often called 'rock flour' (tiny particles causing the water to become more opaque)."
landscape-13.jpg,landscape,File:Sunrise at Maligne lake 2.jpg,Sergey Pesterev,CC BY-SA 4.0,https://creativecommons.org/licenses/by-sa/4.0,https://commons.wikimedia.org/wiki/File:Sunrise_at_Maligne_lake_2.jpg,https://upload.wikimedia.org/wikipedia/commons/a/a4/Sunrise_at_Maligne_lake_2.jpg?utm_source=commons.wikimedia.org&utm_campaign=imageinfo&utm_content=original,7360,4912,"Canada, Jasper National Park, Maligne lake."
landscape-14.jpg,landscape,"File:Zagedan Lakes, Mountain cirque, Caucasus Mountains.jpg",Vyacheslav Argenberg,CC BY 4.0,https://creativecommons.org/licenses/by/4.0,"https://commons.wikimedia.org/wiki/File:Zagedan_Lakes,_Mountain_cirque,_Caucasus_Mountains.jpg",https://upload.wikimedia.org/wikipedia/commons/8/88/Zagedan_Lakes%2C_Mountain_cirque%2C_Caucasus_Mountains.jpg?utm_source=commons.wikimedia.org&utm_campaign=imageinfo&utm_content=original,4912,3264,"The Zagedan lakes are of ancient glacial origin. They are surrounded by karst rock formations in a mountain cirque, which represents a typical ancient glacial landform in the Caucasus Mountains. The glacier retreated about 11,000 years ago, leaving behind the landscape we see today. Zagedan Valley w"
landscape-15.jpg,landscape,"File:Zagedan Ridge, Zagedan Valley, Caucasus Mountains, Karachay-Cherkessia.jpg",Vyacheslav Argenberg,CC BY 4.0,https://creativecommons.org/licenses/by/4.0,"https://commons.wikimedia.org/wiki/File:Zagedan_Ridge,_Zagedan_Valley,_Caucasus_Mountains,_Karachay-Cherkessia.jpg",https://upload.wikimedia.org/wikipedia/commons/1/1c/Zagedan_Ridge%2C_Zagedan_Valley%2C_Caucasus_Mountains%2C_Karachay-Cherkessia.jpg?utm_source=commons.wikimedia.org&utm_campaign=imageinfo&utm_content=original,4912,3264,"Ancient glacial landform. Ancient glacier moraines. Zagedan Ridge. Zagedan Valley with high-altitude lakes. Karachay-Cherkessia, Caucasus Mountains, Russia."
landscape-16.jpg,landscape,"File:Zagedan mountain lakes before sunset, Caucasus Mountains, Karachay-Cherkessia.jpg",Vyacheslav Argenberg,CC BY 4.0,https://creativecommons.org/licenses/by/4.0,"https://commons.wikimedia.org/wiki/File:Zagedan_mountain_lakes_before_sunset,_Caucasus_Mountains,_Karachay-Cherkessia.jpg",https://upload.wikimedia.org/wikipedia/commons/f/f8/Zagedan_mountain_lakes_before_sunset%2C_Caucasus_Mountains%2C_Karachay-Cherkessia.jpg?utm_source=commons.wikimedia.org&utm_campaign=imageinfo&utm_content=original,4912,3264,"The Zagedan lakes are of ancient glacial origin. They are surrounded by karst rock formations in a mountain cirque, which represents a typical ancient glacial landform in the Caucasus Mountains. The glacier retreated about 11,000 years ago, leaving behind the landscape we see today. Zagedan Valley w"
landscape-17.jpg,landscape,"File:Cabo da Roca Lighthouse and coastal cliffs, Portugal - May 2025.jpg",LensaCibi,CC BY-SA 4.0,https://creativecommons.org/licenses/by-sa/4.0,"https://commons.wikimedia.org/wiki/File:Cabo_da_Roca_Lighthouse_and_coastal_cliffs,_Portugal_-_May_2025.jpg",https://upload.wikimedia.org/wikipedia/commons/f/f8/Cabo_da_Roca_Lighthouse_and_coastal_cliffs%2C_Portugal_-_May_2025.jpg?utm_source=commons.wikimedia.org&utm_campaign=imageinfo&utm_content=original,5472,3648,"The historic Cabo da Roca lighthouse stands as a sentinel on the edge of the cliffs in the Sintra-Cascais Natural Park, Portugal. This is the westernmost point of continental Europe. The landscape features coastal scrub and geological formations under dramatic clouds."
landscape-18.jpg,landscape,File:Chimney Rock Trail Point Reyes December 2016 panorama 1.jpg,King of Hearts,CC BY-SA 4.0,https://creativecommons.org/licenses/by-sa/4.0,https://commons.wikimedia.org/wiki/File:Chimney_Rock_Trail_Point_Reyes_December_2016_panorama_1.jpg,https://upload.wikimedia.org/wikipedia/commons/7/7d/Chimney_Rock_Trail_Point_Reyes_December_2016_panorama_1.jpg?utm_source=commons.wikimedia.org&utm_campaign=imageinfo&utm_content=original,9000,5800,"Headlands of Point Reyes National Seashore, California."
landscape-19.jpg,landscape,"File:Cliff landscape near Wied iż-Żurrieq, Malta.jpg",Julijana Petroska,CC BY-SA 4.0,https://creativecommons.org/licenses/by-sa/4.0,"https://commons.wikimedia.org/wiki/File:Cliff_landscape_near_Wied_iż-Żurrieq,_Malta.jpg",https://upload.wikimedia.org/wikipedia/commons/a/a7/Cliff_landscape_near_Wied_i%C5%BC-%C5%BBurrieq%2C_Malta.jpg?utm_source=commons.wikimedia.org&utm_campaign=imageinfo&utm_content=original,6773,4515,"This photo captures the stunning limestone cliffs and coastal vegetation in the Il-Munqar area near Wied iż-Żurrieq, Malta."
landscape-20.jpg,landscape,"File:Coastal cliffs of Praia da Ursa with human silhouettes, Portugal - May 2025.jpg",LensaCibi,CC BY-SA 4.0,https://creativecommons.org/licenses/by-sa/4.0,"https://commons.wikimedia.org/wiki/File:Coastal_cliffs_of_Praia_da_Ursa_with_human_silhouettes,_Portugal_-_May_2025.jpg",https://upload.wikimedia.org/wikipedia/commons/5/52/Coastal_cliffs_of_Praia_da_Ursa_with_human_silhouettes%2C_Portugal_-_May_2025.jpg?utm_source=commons.wikimedia.org&utm_campaign=imageinfo&utm_content=original,5472,3648,"A wide landscape view of the dramatic rocky coastline and cliffs near Praia da Ursa in the Sintra-Cascais Natural Park, Portugal. Tiny human silhouettes standing on a rocky outcrop in the foreground highlight the colossal scale of the ancient cliffs and the Atlantic Ocean."
landscape-21.jpg,landscape,File:Otranto - Coastal landscape - 04.jpg,Benjamin Smith,CC BY-SA 4.0,https://creativecommons.org/licenses/by-sa/4.0,https://commons.wikimedia.org/wiki/File:Otranto_-_Coastal_landscape_-_04.jpg,https://upload.wikimedia.org/wikipedia/commons/4/46/Otranto_-_Coastal_landscape_-_04.jpg?utm_source=commons.wikimedia.org&utm_campaign=imageinfo&utm_content=original,6721,4484,"Otranto (Apulia, Italy) - Coastal landscape East of town with former bunkers"
landscape-22.jpg,landscape,"File:Sydney (AU), Bondi To Bronte Coastal Walk -- 2019 -- 2395.jpg",Dietmar Rabich,CC BY-SA 4.0,https://creativecommons.org/licenses/by-sa/4.0,"https://commons.wikimedia.org/wiki/File:Sydney_(AU),_Bondi_To_Bronte_Coastal_Walk_--_2019_--_2395.jpg",https://upload.wikimedia.org/wikipedia/commons/1/14/Sydney_%28AU%29%2C_Bondi_To_Bronte_Coastal_Walk_--_2019_--_2395.jpg?utm_source=commons.wikimedia.org&utm_campaign=imageinfo&utm_content=original,6660,4440,"Bondi To Bronte Coastal Walk, Sydney, New South Wales, Australia"
landscape-23.jpg,landscape,"File:Sydney (AU), Coastal Cliff Walk -- 2019 -- 2326.jpg",Dietmar Rabich,CC BY-SA 4.0,https://creativecommons.org/licenses/by-sa/4.0,"https://commons.wikimedia.org/wiki/File:Sydney_(AU),_Coastal_Cliff_Walk_--_2019_--_2326.jpg",https://upload.wikimedia.org/wikipedia/commons/9/96/Sydney_%28AU%29%2C_Coastal_Cliff_Walk_--_2019_--_2326.jpg?utm_source=commons.wikimedia.org&utm_campaign=imageinfo&utm_content=original,6720,4480,"Coastal Cliff Walk, Sydney, New South Wales, Australia"
landscape-24.jpg,landscape,File:(Explored) Misty Winter morning in Stonor Forest - Flickr - scotbot.jpg,Scott Wylie from UK,CC BY 2.0,https://creativecommons.org/licenses/by/2.0,https://commons.wikimedia.org/wiki/File:(Explored)_Misty_Winter_morning_in_Stonor_Forest_-_Flickr_-_scotbot.jpg,https://upload.wikimedia.org/wikipedia/commons/0/03/%28Explored%29_Misty_Winter_morning_in_Stonor_Forest_-_Flickr_-_scotbot.jpg?utm_source=commons.wikimedia.org&utm_campaign=imageinfo&utm_content=original,4512,3008,"Nikon D600, VSCO for iOS"
landscape-25.jpg,landscape,File:21-224-5054 NNP Synevyr RB 18.jpg,Rbrechko,CC BY-SA 4.0,https://creativecommons.org/licenses/by-sa/4.0,https://commons.wikimedia.org/wiki/File:21-224-5054_NNP_Synevyr_RB_18.jpg,https://upload.wikimedia.org/wikipedia/commons/5/5e/21-224-5054_NNP_Synevyr_RB_18.jpg?utm_source=commons.wikimedia.org&utm_campaign=imageinfo&utm_content=original,6000,4000,"National Nature Park Synevyr, Ukraine"
landscape-26.jpg,landscape,"File:Dülmen, Kirchspiel, Börnste, Felder und Bäume -- 2017 -- 3160-6.jpg",Dietmar Rabich,CC BY-SA 4.0,https://creativecommons.org/licenses/by-sa/4.0,"https://commons.wikimedia.org/wiki/File:Dülmen,_Kirchspiel,_Börnste,_Felder_und_Bäume_--_2017_--_3160-6.jpg",https://upload.wikimedia.org/wikipedia/commons/0/04/D%C3%BClmen%2C_Kirchspiel%2C_B%C3%B6rnste%2C_Felder_und_B%C3%A4ume_--_2017_--_3160-6.jpg?utm_source=commons.wikimedia.org&utm_campaign=imageinfo&utm_content=original,5470,3646,"Sunrise in the Börnste hamlet, Kirchspiel, Dülmen, North Rhine-Westphalia, Germany"
landscape-27.jpg,landscape,"File:Dülmen, Leuste, Bäume im Nebel -- 2020 -- 5042 (bw).jpg",Dietmar Rabich,CC BY-SA 4.0,https://creativecommons.org/licenses/by-sa/4.0,"https://commons.wikimedia.org/wiki/File:Dülmen,_Leuste,_Bäume_im_Nebel_--_2020_--_5042_(bw).jpg",https://upload.wikimedia.org/wikipedia/commons/e/e8/D%C3%BClmen%2C_Leuste%2C_B%C3%A4ume_im_Nebel_--_2020_--_5042_%28bw%29.jpg?utm_source=commons.wikimedia.org&utm_campaign=imageinfo&utm_content=original,6447,4298,"Trees in the fog in the Leuste hamlet, Kirchspiel, Dülmen, North Rhine-Westphalia, Germany"
landscape-28.jpg,landscape,"File:Dülmen, Rorup, NSG Roruper Holz -- 2021 -- 8187-91.jpg",Dietmar Rabich,CC BY-SA 4.0,https://creativecommons.org/licenses/by-sa/4.0,"https://commons.wikimedia.org/wiki/File:Dülmen,_Rorup,_NSG_Roruper_Holz_--_2021_--_8187-91.jpg",https://upload.wikimedia.org/wikipedia/commons/3/3d/D%C3%BClmen%2C_Rorup%2C_NSG_Roruper_Holz_--_2021_--_8187-91.jpg?utm_source=commons.wikimedia.org&utm_campaign=imageinfo&utm_content=original,6701,4467,"Nature reserve “Roruper Holz” (COE-045) in the Hanrorup hamlet near Rorup, Dülmen, North Rhine-Westphalia, GermanyThe Roruper Holz nature reserve is located in the Rorup district of the town of Dülmen in the Münsterland region. It is a near-natural forest area with old trees, wetlands, and structura"
landscape-29.jpg,landscape,File:Misty Black Spruce Forest (5079093414).jpg,USFWSAlaska,Public domain,,https://commons.wikimedia.org/wiki/File:Misty_Black_Spruce_Forest_(5079093414).jpg,https://upload.wikimedia.org/wikipedia/commons/0/07/Misty_Black_Spruce_Forest_%285079093414%29.jpg?utm_source=commons.wikimedia.org&utm_campaign=imageinfo&utm_content=original,1728,1152,A mist rises from a black spruce forest on Kenai National Wildlife Refuge. Photo Credit: S Hillebrand/USFWS
landscape-30.jpg,landscape,File:Misty Forest Ferns (51862697700).jpg,ShenandoahNPS,Public domain,,https://commons.wikimedia.org/wiki/File:Misty_Forest_Ferns_(51862697700).jpg,https://upload.wikimedia.org/wikipedia/commons/b/b4/Misty_Forest_Ferns_%2851862697700%29.jpg?utm_source=commons.wikimedia.org&utm_campaign=imageinfo&utm_content=original,6048,4024,NPS | N. Lewis Mile 21 (20210920_NL60222_Ferns_Mile21_nl)
landscape-31.jpg,landscape,File:Misty Lake (127466829).jpeg,Dan Field,CC BY 3.0,https://creativecommons.org/licenses/by/3.0,https://commons.wikimedia.org/wiki/File:Misty_Lake_(127466829).jpeg,https://upload.wikimedia.org/wikipedia/commons/0/0e/Misty_Lake_%28127466829%29.jpeg?utm_source=commons.wikimedia.org&utm_campaign=imageinfo&utm_content=original,2048,1365,"500px provided description: Misty Lake [#mist ,#trees ,#morning ,#lake ,#forest ,#water ,#wood ,#Landscape ,#UK ,#Autumn ,#Colour ,#Epping]"
landscape-32.jpg,landscape,File:Misty Lake (127466885).jpeg,Dan Field,CC BY 3.0,https://creativecommons.org/licenses/by/3.0,https://commons.wikimedia.org/wiki/File:Misty_Lake_(127466885).jpeg,https://upload.wikimedia.org/wikipedia/commons/6/64/Misty_Lake_%28127466885%29.jpeg?utm_source=commons.wikimedia.org&utm_campaign=imageinfo&utm_content=original,2048,1365,"500px provided description: Misty Lake [#mist ,#trees ,#morning ,#lake ,#forest ,#water ,#Landscape ,#B&amp;W ,#UK ,#Epping]"
landscape-33.jpg,landscape,File:Misty Morning 3 (229893247).jpeg,Mark Howanessian,CC BY 3.0,https://creativecommons.org/licenses/by/3.0,https://commons.wikimedia.org/wiki/File:Misty_Morning_3_(229893247).jpeg,https://upload.wikimedia.org/wikipedia/commons/5/58/Misty_Morning_3_%28229893247%29.jpeg?utm_source=commons.wikimedia.org&utm_campaign=imageinfo&utm_content=original,2048,1365,"500px provided description: Misty Morning 3 [#autumn ,#park ,#field ,#sky ,#flowers ,#landscape ,#sunrise ,#fog ,#morning ,#forest ,#beauty ,#sunset ,#nature ,#sun ,#light ,#old ,#tree ,#road ,#beautiful ,#fall ,#natural ,#scene ,#green ,#countryside ,#rural ,#misty ,#scenic]"
landscape-34.jpg,landscape,File:Misty forest near Račice-Pístovice.jpg,Jan Dobrý,CC BY 2.0,https://creativecommons.org/licenses/by/2.0,https://commons.wikimedia.org/wiki/File:Misty_forest_near_Račice-Pístovice.jpg,https://upload.wikimedia.org/wikipedia/commons/5/5a/Misty_forest_near_Ra%C4%8Dice-P%C3%ADstovice.jpg?utm_source=commons.wikimedia.org&utm_campaign=imageinfo&utm_content=original,5184,2916,"Photograph depicting a forest landscape in fog. Published by Jan Dobrý under the title ""Cáry mlhy"". Location indicated on Flickr as: Račice-Pístovice, South Moravian Region, Czech Republic."
landscape-35.jpg,landscape,File:A sand dune in the Maranjab Desert of Iran- Photographer Mostafa Meraji 01.jpg,Mostafameraji,CC BY-SA 4.0,https://creativecommons.org/licenses/by-sa/4.0,https://commons.wikimedia.org/wiki/File:A_sand_dune_in_the_Maranjab_Desert_of_Iran-_Photographer_Mostafa_Meraji_01.jpg,https://upload.wikimedia.org/wikipedia/commons/0/01/A_sand_dune_in_the_Maranjab_Desert_of_Iran-_Photographer_Mostafa_Meraji_01.jpg?utm_source=commons.wikimedia.org&utm_campaign=imageinfo&utm_content=original,5000,3333,"A dune is a landform composed of wind- or water-driven sand. It typically takes the form of a mound, ridge, or hill. An area with dunes is called a dune system or a dune complex."
landscape-36.jpg,landscape,File:A sand dune in the Maranjab Desert of Iran- Photographer Mostafa Meraji 02.jpg,Mostafameraji,CC BY-SA 4.0,https://creativecommons.org/licenses/by-sa/4.0,https://commons.wikimedia.org/wiki/File:A_sand_dune_in_the_Maranjab_Desert_of_Iran-_Photographer_Mostafa_Meraji_02.jpg,https://upload.wikimedia.org/wikipedia/commons/0/01/A_sand_dune_in_the_Maranjab_Desert_of_Iran-_Photographer_Mostafa_Meraji_02.jpg?utm_source=commons.wikimedia.org&utm_campaign=imageinfo&utm_content=original,6960,4640,"A dune is a landform composed of wind- or water-driven sand. It typically takes the form of a mound, ridge, or hill. An area with dunes is called a dune system or a dune complex."
landscape-37.jpg,landscape,File:A sand dune in the Maranjab Desert of Iran- Photographer Mostafa Meraji 04.jpg,Mostafameraji,CC BY-SA 4.0,https://creativecommons.org/licenses/by-sa/4.0,https://commons.wikimedia.org/wiki/File:A_sand_dune_in_the_Maranjab_Desert_of_Iran-_Photographer_Mostafa_Meraji_04.jpg,https://upload.wikimedia.org/wikipedia/commons/6/67/A_sand_dune_in_the_Maranjab_Desert_of_Iran-_Photographer_Mostafa_Meraji_04.jpg?utm_source=commons.wikimedia.org&utm_campaign=imageinfo&utm_content=original,5000,3333,"A dune is a landform composed of wind- or water-driven sand. It typically takes the form of a mound, ridge, or hill. An area with dunes is called a dune system or a dune complex."
landscape-38.jpg,landscape,File:A sand dune in the Maranjab Desert of Iran- Photographer Mostafa Meraji 07.jpg,Mostafameraji,CC BY-SA 4.0,https://creativecommons.org/licenses/by-sa/4.0,https://commons.wikimedia.org/wiki/File:A_sand_dune_in_the_Maranjab_Desert_of_Iran-_Photographer_Mostafa_Meraji_07.jpg,https://upload.wikimedia.org/wikipedia/commons/7/7c/A_sand_dune_in_the_Maranjab_Desert_of_Iran-_Photographer_Mostafa_Meraji_07.jpg?utm_source=commons.wikimedia.org&utm_campaign=imageinfo&utm_content=original,5000,3333,"A dune is a landform composed of wind- or water-driven sand. It typically takes the form of a mound, ridge, or hill. An area with dunes is called a dune system or a dune complex."
landscape-39.jpg,landscape,File:A sunset on the dunes of the Great Indian Thar Desert Rajasthan India.jpg,"Sankara Subramanian from Bangalore, India",CC BY 2.0,https://creativecommons.org/licenses/by/2.0,https://commons.wikimedia.org/wiki/File:A_sunset_on_the_dunes_of_the_Great_Indian_Thar_Desert_Rajasthan_India.jpg,https://upload.wikimedia.org/wikipedia/commons/b/b2/A_sunset_on_the_dunes_of_the_Great_Indian_Thar_Desert_Rajasthan_India.jpg?utm_source=commons.wikimedia.org&utm_campaign=imageinfo&utm_content=original,1600,1178,"Sand dunes of Rajasthan, Nature, Geography"
landscape-40.jpg,landscape,File:Utah Dunes Landscape - West Desert District.jpg,Bureau of Land Management - Utah/Bob Wick,Public domain,,https://commons.wikimedia.org/wiki/File:Utah_Dunes_Landscape_-_West_Desert_District.jpg,https://upload.wikimedia.org/wikipedia/commons/c/cb/Utah_Dunes_Landscape_-_West_Desert_District.jpg?utm_source=commons.wikimedia.org&utm_campaign=imageinfo&utm_content=original,4000,2628,Little Sahara Recreation Area
landscape-41.jpg,landscape,"File:White Desert, Palm in desert landscape, Egypt.jpg",Vyacheslav Argenberg,CC BY 4.0,https://creativecommons.org/licenses/by/4.0,"https://commons.wikimedia.org/wiki/File:White_Desert,_Palm_in_desert_landscape,_Egypt.jpg",https://upload.wikimedia.org/wikipedia/commons/3/32/White_Desert%2C_Palm_in_desert_landscape%2C_Egypt.jpg?utm_source=commons.wikimedia.org&utm_campaign=imageinfo&utm_content=original,3072,2048,"White Desert is a site of cliffs, dunes and large white chalk rock formations, created through erosion by wind and sand. White Desert, part of Saharan Libyan Desert, some 30 km to the east of Al-Farafra, Egypt."
landscape-42.jpg,landscape,File:A landscape view of the famous Kintampo waterfall in Ghana.jpg,Treysam,CC BY-SA 4.0,https://creativecommons.org/licenses/by-sa/4.0,https://commons.wikimedia.org/wiki/File:A_landscape_view_of_the_famous_Kintampo_waterfall_in_Ghana.jpg,https://upload.wikimedia.org/wikipedia/commons/6/61/A_landscape_view_of_the_famous_Kintampo_waterfall_in_Ghana.jpg?utm_source=commons.wikimedia.org&utm_campaign=imageinfo&utm_content=original,6000,4000,A landscape view of the famous Kintampo waterfall in Ghana
landscape-43.jpg,landscape,"File:Khrangsuri waterfall, Meghalaya 01 (edit).jpg",Original: Chirnzb Derivative work: UnpetitproleX,CC BY-SA 4.0,https://creativecommons.org/licenses/by-sa/4.0,"https://commons.wikimedia.org/wiki/File:Khrangsuri_waterfall,_Meghalaya_01_(edit).jpg",https://upload.wikimedia.org/wikipedia/commons/d/d1/Khrangsuri_waterfall%2C_Meghalaya_01_%28edit%29.jpg?utm_source=commons.wikimedia.org&utm_campaign=imageinfo&utm_content=original,5864,3909,"View of Khrang Suri waterfall from the hill top, located in the West Jaintia Hill district of Meghalaya, India. The nearest town to the waterfall is Jowai."
landscape-44.jpg,landscape,"File:Tad Hang waterfalls at sunset, Tad Lo village, Bolaven Plateau, Laos.jpg",Basile Morin,CC BY-SA 4.0,https://creativecommons.org/licenses/by-sa/4.0,"https://commons.wikimedia.org/wiki/File:Tad_Hang_waterfalls_at_sunset,_Tad_Lo_village,_Bolaven_Plateau,_Laos.jpg",https://upload.wikimedia.org/wikipedia/commons/a/ad/Tad_Hang_waterfalls_at_sunset%2C_Tad_Lo_village%2C_Bolaven_Plateau%2C_Laos.jpg?utm_source=commons.wikimedia.org&utm_campaign=imageinfo&utm_content=original,6440,4293,"Tad Hang waterfalls at sunset, Tad Lo village, Bolaven Plateau, Salavan Province, Laos."
landscape-45.jpg,landscape,File:Castle Mountain.jpg,Jakub Fryš,CC BY-SA 4.0,https://creativecommons.org/licenses/by-sa/4.0,https://commons.wikimedia.org/wiki/File:Castle_Mountain.jpg,https://upload.wikimedia.org/wikipedia/commons/c/c0/Castle_Mountain.jpg?utm_source=commons.wikimedia.org&utm_campaign=imageinfo&utm_content=original,4928,3264,"Castle Mountain from the Bow River bank, Banff National Park, Alberta, Canada"
architecture-01.jpg,architecture,File:3D Rendering of Modern Luxury Villa Exterior with Pool.jpg,Tuantranseo,CC BY 4.0,https://creativecommons.org/licenses/by/4.0,https://commons.wikimedia.org/wiki/File:3D_Rendering_of_Modern_Luxury_Villa_Exterior_with_Pool.jpg,https://upload.wikimedia.org/wikipedia/commons/5/57/3D_Rendering_of_Modern_Luxury_Villa_Exterior_with_Pool.jpg?utm_source=commons.wikimedia.org&utm_campaign=imageinfo&utm_content=original,4000,2667,"English: 3D rendering of a modern luxury villa exterior during golden hour, featuring contemporary architecture, open-plan design, and integrated landscaping. This image demonstrates architectural visualization techniques such as realistic lighting, material detailing, and environmental context, com"
architecture-02.jpg,architecture,File:Detail of modern office building exterior LCCN2011634389.tif,Carol M. Highsmith,Public domain,,https://commons.wikimedia.org/wiki/File:Detail_of_modern_office_building_exterior_LCCN2011634389.tif,https://upload.wikimedia.org/wikipedia/commons/5/5e/Detail_of_modern_office_building_exterior_LCCN2011634389.tif?utm_source=commons.wikimedia.org&utm_campaign=imageinfo&utm_content=original,6186,4821,Title: Detail of modern office building exterior Physical description: 1 transparency : color ; 4 x 5 in. or smaller. Notes: Digital image produced by Carol M. Highsmith to represent her original film transparency; some details may differ between the film and the digital images.; Forms part of the S
architecture-03.jpg,architecture,"File:Exterior view of the Turnova tower and surrounding modern architecture in Turnhout, Belgium, featuring a tall gridded high-rise building alongside a white-facaded block with large rectangular windows and a lower glass-fronted volume..jpg",NTVMedia,CC BY-SA 3.0,https://creativecommons.org/licenses/by-sa/3.0,"https://commons.wikimedia.org/wiki/File:Exterior_view_of_the_Turnova_tower_and_surrounding_modern_architecture_in_Turnhout,_Belgium,_featuring_a_tall_gridded_high-rise_building_alongside_a_white-facaded_block_with_large_rectangular_windows_and_a_lower_glass-fronted_volume..jpg",https://upload.wikimedia.org/wikipedia/commons/c/c1/Exterior_view_of_the_Turnova_tower_and_surrounding_modern_architecture_in_Turnhout%2C_Belgium%2C_featuring_a_tall_gridded_high-rise_building_alongside_a_white-facaded_block_with_large_rectangular_windows_and_a_lower_glass-fronted_volume..jpg?utm_source=commons.wikimedia.org&utm_campaign=imageinfo&utm_content=original,4608,2304,"File: Low-angle exterior view of the Turnova tower in Turnhout, Belgium, showcasing its tall grid-patterned architectural facade rising against a blue sky, flanked by a white brick building with large rectangular windows and a contemporary glass-walled lower structure with a decorative tree in the f"
architecture-04.jpg,architecture,File:Istanbul Museum of Modern Art Exterior in 2024 5622.jpg,Dosseman,CC BY-SA 4.0,https://creativecommons.org/licenses/by-sa/4.0,https://commons.wikimedia.org/wiki/File:Istanbul_Museum_of_Modern_Art_Exterior_in_2024_5622.jpg,https://upload.wikimedia.org/wikipedia/commons/f/f8/Istanbul_Museum_of_Modern_Art_Exterior_in_2024_5622.jpg?utm_source=commons.wikimedia.org&utm_campaign=imageinfo&utm_content=original,5504,3670,One of pictures showing the new building in its setting or details of its architecture.
architecture-05.jpg,architecture,File:Istanbul Museum of Modern Art Exterior in 2024 5624.jpg,Dosseman,CC BY-SA 4.0,https://creativecommons.org/licenses/by-sa/4.0,https://commons.wikimedia.org/wiki/File:Istanbul_Museum_of_Modern_Art_Exterior_in_2024_5624.jpg,https://upload.wikimedia.org/wikipedia/commons/d/da/Istanbul_Museum_of_Modern_Art_Exterior_in_2024_5624.jpg?utm_source=commons.wikimedia.org&utm_campaign=imageinfo&utm_content=original,8256,5504,One of pictures showing the new building in its setting or details of its architecture.
architecture-06.jpg,architecture,File:Istanbul Museum of Modern Art Exterior in 2024 5626.jpg,Dosseman,CC BY-SA 4.0,https://creativecommons.org/licenses/by-sa/4.0,https://commons.wikimedia.org/wiki/File:Istanbul_Museum_of_Modern_Art_Exterior_in_2024_5626.jpg,https://upload.wikimedia.org/wikipedia/commons/9/97/Istanbul_Museum_of_Modern_Art_Exterior_in_2024_5626.jpg?utm_source=commons.wikimedia.org&utm_campaign=imageinfo&utm_content=original,8256,5504,One of pictures showing the new building in its setting or details of its architecture.
architecture-07.jpg,architecture,File:Istanbul Museum of Modern Art Exterior in 2024 5632.jpg,Dosseman,CC BY-SA 4.0,https://creativecommons.org/licenses/by-sa/4.0,https://commons.wikimedia.org/wiki/File:Istanbul_Museum_of_Modern_Art_Exterior_in_2024_5632.jpg,https://upload.wikimedia.org/wikipedia/commons/0/0d/Istanbul_Museum_of_Modern_Art_Exterior_in_2024_5632.jpg?utm_source=commons.wikimedia.org&utm_campaign=imageinfo&utm_content=original,8203,5469,One of pictures showing the new building in its setting or details of its architecture.
architecture-08.jpg,architecture,File:Modern Architecture Canberra (8217036414).jpg,Simon_sees from Australia,CC BY 2.0,https://creativecommons.org/licenses/by/2.0,https://commons.wikimedia.org/wiki/File:Modern_Architecture_Canberra_(8217036414).jpg,https://upload.wikimedia.org/wikipedia/commons/4/4b/Modern_Architecture_Canberra_%288217036414%29.jpg?utm_source=commons.wikimedia.org&utm_campaign=imageinfo&utm_content=original,4608,3072,"Ok, I am sure I should know what this building is... but I don't. I think it's may be the National Library"
architecture-09.jpg,architecture,"File:Modern architecture- Northside Middle School in Columbus, Indiana LCCN2013650706.tif",Carol M. Highsmith,Public domain,,"https://commons.wikimedia.org/wiki/File:Modern_architecture-_Northside_Middle_School_in_Columbus,_Indiana_LCCN2013650706.tif",https://upload.wikimedia.org/wikipedia/commons/4/49/Modern_architecture-_Northside_Middle_School_in_Columbus%2C_Indiana_LCCN2013650706.tif?utm_source=commons.wikimedia.org&utm_campaign=imageinfo&utm_content=original,5888,3024,"Title: Modern architecture: Northside Middle School in Columbus, Indiana Physical description: 1 photograph : digital, TIFF file, color. Notes: Credit line: Photographs in the Carol M. Highsmith Archive, Library of Congress, Prints and Photographs Division.; J. Irwin Miller promoted architecture in "
architecture-10.jpg,architecture,"File:Modern architecture in Columbus, Indiana LCCN2013650709.tif",Carol M. Highsmith,Public domain,,"https://commons.wikimedia.org/wiki/File:Modern_architecture_in_Columbus,_Indiana_LCCN2013650709.tif",https://upload.wikimedia.org/wikipedia/commons/3/37/Modern_architecture_in_Columbus%2C_Indiana_LCCN2013650709.tif?utm_source=commons.wikimedia.org&utm_campaign=imageinfo&utm_content=original,6144,3609,"Title: Modern architecture in Columbus, Indiana Physical description: 1 photograph : digital, TIFF file, color. Notes: Credit line: Photographs in the Carol M. Highsmith Archive, Library of Congress, Prints and Photographs Division.; J. Irwin Miller promoted architecture in Columbus through a progra"
architecture-11.jpg,architecture,"File:Modern architecture in Columbus, Indiana LCCN2013650710.tif",Carol M. Highsmith,Public domain,,"https://commons.wikimedia.org/wiki/File:Modern_architecture_in_Columbus,_Indiana_LCCN2013650710.tif",https://upload.wikimedia.org/wikipedia/commons/3/37/Modern_architecture_in_Columbus%2C_Indiana_LCCN2013650710.tif?utm_source=commons.wikimedia.org&utm_campaign=imageinfo&utm_content=original,6144,4096,"Title: Modern architecture in Columbus, Indiana Physical description: 1 photograph : digital, TIFF file, color. Notes: Credit line: Photographs in the Carol M. Highsmith Archive, Library of Congress, Prints and Photographs Division.; J. Irwin Miller promoted architecture in Columbus through a progra"
architecture-12.jpg,architecture,"File:Modern architecture in Columbus, Indiana LCCN2013650714.tif",Carol M. Highsmith,Public domain,,"https://commons.wikimedia.org/wiki/File:Modern_architecture_in_Columbus,_Indiana_LCCN2013650714.tif",https://upload.wikimedia.org/wikipedia/commons/8/87/Modern_architecture_in_Columbus%2C_Indiana_LCCN2013650714.tif?utm_source=commons.wikimedia.org&utm_campaign=imageinfo&utm_content=original,6144,4096,"Title: Modern architecture in Columbus, Indiana Physical description: 1 photograph : digital, TIFF file, color. Notes: Credit line: Photographs in the Carol M. Highsmith Archive, Library of Congress, Prints and Photographs Division.; J. Irwin Miller promoted architecture in Columbus through a progra"
architecture-13.jpg,architecture,File:Modern architecture in Toronto.jpg,ThomasLendt,CC BY-SA 4.0,https://creativecommons.org/licenses/by-sa/4.0,https://commons.wikimedia.org/wiki/File:Modern_architecture_in_Toronto.jpg,https://upload.wikimedia.org/wikipedia/commons/a/a9/Modern_architecture_in_Toronto.jpg?utm_source=commons.wikimedia.org&utm_campaign=imageinfo&utm_content=original,4776,3582,Modern architecture in Toronto
architecture-14.jpg,architecture,"File:The 1951 Mies van der Rohe-designed Farnsworth House, an icon of 20th century modern architecture in Plano, Illinois, is owned by the National Trust for Historic Preservation LCCN2011636469.tif",Carol M. Highsmith,Public domain,,"https://commons.wikimedia.org/wiki/File:The_1951_Mies_van_der_Rohe-designed_Farnsworth_House,_an_icon_of_20th_century_modern_architecture_in_Plano,_Illinois,_is_owned_by_the_National_Trust_for_Historic_Preservation_LCCN2011636469.tif",https://upload.wikimedia.org/wikipedia/commons/8/82/The_1951_Mies_van_der_Rohe-designed_Farnsworth_House%2C_an_icon_of_20th_century_modern_architecture_in_Plano%2C_Illinois%2C_is_owned_by_the_National_Trust_for_Historic_Preservation_LCCN2011636469.tif?utm_source=commons.wikimedia.org&utm_campaign=imageinfo&utm_content=original,6563,5131,"Title: The 1951 Mies van der Rohe-designed Farnsworth House, an icon of 20th century modern architecture in Plano, Illinois, is owned by the National Trust for Historic Preservation Physical description: 1 transparency : color ; 4 x 5 in. or smaller. Notes: Title, date, and keywords provided by the "
architecture-15.jpg,architecture,File:White exterior architecture (Unsplash).jpg,Lance Anderson lanceanderson,CC0,http://creativecommons.org/publicdomain/zero/1.0/deed.en,https://commons.wikimedia.org/wiki/File:White_exterior_architecture_(Unsplash).jpg,https://upload.wikimedia.org/wikipedia/commons/6/6f/White_exterior_architecture_%28Unsplash%29.jpg?utm_source=commons.wikimedia.org&utm_campaign=imageinfo&utm_content=original,3248,2165,"Akron Art Museum, Akron, United States"
space-01.jpg,nebula,File:Eagle Nebula from ESO.jpg,ESO,CC BY 4.0,https://creativecommons.org/licenses/by/4.0,https://commons.wikimedia.org/wiki/File:Eagle_Nebula_from_ESO.jpg,https://upload.wikimedia.org/wikipedia/commons/2/2b/Eagle_Nebula_from_ESO.jpg?utm_source=commons.wikimedia.org&utm_campaign=imageinfo&utm_content=original,8084,8084,"Three-colour composite mosaic image of the Eagle Nebula (Messier 16, or NGC 6611), based on images obtained with the Wide-Field Imager camera on the MPG/ESO 2.2-metre telescope at the La Silla Observatory. At the centre, the so-called “Pillars of Creation” can be seen. This wide-field image shows not only the central pillars, but also several other"
space-02.jpg,nebula,File:Carina Nebula field JWST NIRCam.jpg,NASA/ESA/CSA JWST NIRCam; Megan Reiter et al. &amp; Melina Thévenot,CC BY-SA 4.0,https://creativecommons.org/licenses/by-sa/4.0,https://commons.wikimedia.org/wiki/File:Carina_Nebula_field_JWST_NIRCam.jpg,https://upload.wikimedia.org/wikipedia/commons/0/00/Carina_Nebula_field_JWST_NIRCam.jpg?utm_source=commons.wikimedia.org&utm_campaign=imageinfo&utm_content=original,6715,3334,"A part of the Carina Nebula, centered at around RA 160.91423 Dec -59.626691 JWST NIRCam Filters: F164N, F444W, F470N program: 5408 PI: Megan Reiter I created this image with SAO Image DS9, Photoshop Elements and G'MIC filter ""banding denoise"" (Authors: Ian Fergusson and David Tschumperlé)"
space-03.jpg,nebula,File:Different Slant on Orion (495636660).jpg,"Steve Black from Las Vegas, NV, USA",Public domain,,https://commons.wikimedia.org/wiki/File:Different_Slant_on_Orion_(495636660).jpg,https://upload.wikimedia.org/wikipedia/commons/2/2f/Different_Slant_on_Orion_%28495636660%29.jpg?utm_source=commons.wikimedia.org&utm_campaign=imageinfo&utm_content=original,4941,4814,HST Orion nebula image composited with a Spitzer image for something a little different.
space-04.jpg,nebula,File:Horsehead-Hubble.jpg,"NASA, NOAO, ESA and The Hubble Heritage Team STScI/AURA",Public domain,,https://commons.wikimedia.org/wiki/File:Horsehead-Hubble.jpg,https://upload.wikimedia.org/wikipedia/commons/4/46/Horsehead-Hubble.jpg?utm_source=commons.wikimedia.org&utm_campaign=imageinfo&utm_content=original,2839,2065,"Rising from a sea of dust and gas like a giant seahorse, the Horsehead nebula is one of the most photographed objects in the sky. NASA/ESA Hubble Space Telescope took a close-up look at this heavenly icon, revealing the cloud's intricate structure. The Horsehead, also known as Barnard 33, is a cold, dark cloud of gas and dust, silhouetted against t"
space-05.jpg,nebula,File:Comets Kick up Dust in Helix Nebula (PIA09178).jpg,NASA/JPL-Caltech/Univ. of Ariz.,Public domain,,https://commons.wikimedia.org/wiki/File:Comets_Kick_up_Dust_in_Helix_Nebula_(PIA09178).jpg,https://upload.wikimedia.org/wikipedia/commons/7/7f/Comets_Kick_up_Dust_in_Helix_Nebula_%28PIA09178%29.jpg?utm_source=commons.wikimedia.org&utm_campaign=imageinfo&utm_content=original,4279,3559,"This infrared image from NASA's Spitzer Space Telescope shows the Helix Nebula, a cosmic starlet often photographed by amateur astronomers for its vivid colors and eerie resemblance to a giant eye. The nebula, located about 700 light-years away in the constellation Aquarius, belongs to a class of objects called planetary nebulae. Discovered in the "
space-06.jpg,nebula,File:Crab Nebula.jpg,"NASA, ESA, J. Hester and A. Loll (Arizona State University)",Public domain,,https://commons.wikimedia.org/wiki/File:Crab_Nebula.jpg,https://upload.wikimedia.org/wikipedia/commons/0/00/Crab_Nebula.jpg?utm_source=commons.wikimedia.org&utm_campaign=imageinfo&utm_content=original,3864,3864,"This is a mosaic image, one of the largest ever taken by NASA's Hubble Space Telescope, of the Crab Nebula, a six-light-year-wide expanding remnant of a star's supernova explosion. Japanese and Chinese astronomers recorded this violent event in 1054 CE. The orange filaments are the tattered remains of the star and consist mostly of hydrogen. The ra"
space-07.jpg,galaxy,File:ALMA probes the Hubble Ultra Deep Field.jpg,ALMA (ESO/NAOJ/NRAO)/NASA/ESA/J. Dunlop et al. and S. Beckwith (STScI) and the HUDF Team.,CC BY 4.0,https://creativecommons.org/licenses/by/4.0,https://commons.wikimedia.org/wiki/File:ALMA_probes_the_Hubble_Ultra_Deep_Field.jpg,https://upload.wikimedia.org/wikipedia/commons/6/6f/ALMA_probes_the_Hubble_Ultra_Deep_Field.jpg?utm_source=commons.wikimedia.org&utm_campaign=imageinfo&utm_content=original,2801,2561,"This image combines a background picture taken by the NASA/ESA Hubble Space Telescope (blue/green) with a new very deep ALMA view of this field (orange, marked with circles). All the objects that ALMA sees appear to be massive star-forming galaxies. This image is based on the ALMA survey by J. Dunlop and colleagues, covering the full HUDF area."
space-08.jpg,galaxy,File:Main image deep field smacs0723.png,"NASA, ESA, CSA, and STScI",Public domain,,https://commons.wikimedia.org/wiki/File:Main_image_deep_field_smacs0723.png,https://upload.wikimedia.org/wikipedia/commons/6/6e/Main_image_deep_field_smacs0723.png?utm_source=commons.wikimedia.org&utm_campaign=imageinfo&utm_content=original,4537,4630,"NASA’s James Webb Space Telescope has produced the deepest and sharpest infrared image of the distant universe to date. Known as Webb’s First Deep Field, this image of galaxy cluster SMACS 0723 is overflowing with detail. Thousands of galaxies – including the faintest objects ever observed in the infrared – have appeared in Webb’s view for the firs"
space-09.jpg,galaxy,File:Andromeda Galaxy with Scale Bar (2007-m31-more-3).tiff,NASA/SAO,Public domain,,https://commons.wikimedia.org/wiki/File:Andromeda_Galaxy_with_Scale_Bar_(2007-m31-more-3).tiff,https://upload.wikimedia.org/wikipedia/commons/6/6f/Andromeda_Galaxy_with_Scale_Bar_%282007-m31-more-3%29.tiff?utm_source=commons.wikimedia.org&utm_campaign=imageinfo&utm_content=original,3150,2250,Andromeda Galaxy with Scale Bar
space-10.jpg,galaxy,File:Hubble Optical Image of Whirlpool Galaxy (M51) (2007-m51-more-3 -).tiff,(Credit: NASA/ESA/S. Beckwith &amp; Hubble Heritage Team (STScI/AURA),Public domain,,https://commons.wikimedia.org/wiki/File:Hubble_Optical_Image_of_Whirlpool_Galaxy_(M51)_(2007-m51-more-3_-).tiff,https://upload.wikimedia.org/wikipedia/commons/c/c3/Hubble_Optical_Image_of_Whirlpool_Galaxy_%28M51%29_%282007-m51-more-3_-%29.tiff?utm_source=commons.wikimedia.org&utm_campaign=imageinfo&utm_content=original,1978,2850,"Hubble Optical Image of Whirlpool Galaxy (M51) Hubble's image of M51, also known as the Whirlpool Galaxy, shows the majestic spiral arms that are actually long lanes of stars and gas laced with dust. This galaxy, also called NGC 5194, is having a close encounter with a nearby companion galaxy, NGC 5195, just off the upper edge of this image. The co"
space-11.jpg,planet,File:Jupiter in true color.jpg,NASA,Public domain,,https://commons.wikimedia.org/wiki/File:Jupiter_in_true_color.jpg,https://upload.wikimedia.org/wikipedia/commons/a/ab/Jupiter_in_true_color.jpg?utm_source=commons.wikimedia.org&utm_campaign=imageinfo&utm_content=original,1117,1080,"This true-color simulated view of Jupiter is composed of 4 images taken by NASA's Cassini spacecraft on December 7, 2000. To illustrate what Jupiter would have looked like if the cameras had a field-of-view large enough to capture the entire planet, the cylindrical map was projected onto a globe. The resolution is about 144 kilometers (89 miles) pe"
space-12.jpg,planet,File:Natural color global view of Saturn and its rings.jpg,NASA / Kevin Gill,Public domain,,https://commons.wikimedia.org/wiki/File:Natural_color_global_view_of_Saturn_and_its_rings.jpg,https://upload.wikimedia.org/wikipedia/commons/7/70/Natural_color_global_view_of_Saturn_and_its_rings.jpg?utm_source=commons.wikimedia.org&utm_campaign=imageinfo&utm_content=original,4618,1850,"Natural color global view of Saturn and its rings Saturn visible with Titan (lower left), Mimas (left), Enceladus (right), and small moons Janus, Epimetheus, &amp; Pandora
Calibrated using cisscal, processed using custom software &amp; Adobe Photoshop. Shows true color."
space-13.jpg,planet,File:MARS-Viking.jpg,NASA/JPL/USGS,Public domain,,https://commons.wikimedia.org/wiki/File:MARS-Viking.jpg,https://upload.wikimedia.org/wikipedia/commons/a/a9/MARS-Viking.jpg?utm_source=commons.wikimedia.org&utm_campaign=imageinfo&utm_content=original,6787,6787,"About 1000 Viking Orbiter red- and violet-filter images have been processed to provide global color coverage of Mars at a scale of 1 km/pixel. Individual image frames acquired during a single spacecraft revolution were first processed through radiometric calibration, cosmetic cleanup, geometric control, reprojection, and mosaicing. We have produced"
space-14.jpg,solar-system,File:Blue Marble - 2005 (Blue Marble- Next Generation) (8245544980).jpg,"NASA Goddard Space Flight Center from Greenbelt, MD, USA",Public domain,,https://commons.wikimedia.org/wiki/File:Blue_Marble_-_2005_(Blue_Marble-_Next_Generation)_(8245544980).jpg,https://upload.wikimedia.org/wikipedia/commons/4/43/Blue_Marble_-_2005_%28Blue_Marble-_Next_Generation%29_%288245544980%29.jpg?utm_source=commons.wikimedia.org&utm_campaign=imageinfo&utm_content=original,4096,4096,The Blue Marble: Next Generation is a series of images that show the color of the Earth’s surface for each month of 2004 at very high resolution (500 meters/pixel) at a global scale. This image shows Africa from September 2004. NASA image courtesy Reto Stöckli and Robert Simmon To read more about this image and/or to download more files go to: eart
space-15.jpg,solar-system,File:2024 Eclipse as Seen From The Moon (LROC1368).tiff,NASA/GSFC/Arizona State University,Public domain,,https://commons.wikimedia.org/wiki/File:2024_Eclipse_as_Seen_From_The_Moon_(LROC1368).tiff,https://upload.wikimedia.org/wikipedia/commons/9/92/2024_Eclipse_as_Seen_From_The_Moon_%28LROC1368%29.tiff?utm_source=commons.wikimedia.org&utm_campaign=imageinfo&utm_content=original,3634,3021,2024 Eclipse as Seen From The Moon
space-16.jpg,solar-system,File:2026 Total Solar Eclipse (NASA).jpg,NASA/Bill Ingalls,Public domain,,https://commons.wikimedia.org/wiki/File:2026_Total_Solar_Eclipse_(NASA).jpg,https://upload.wikimedia.org/wikipedia/commons/5/55/2026_Total_Solar_Eclipse_%28NASA%29.jpg?utm_source=commons.wikimedia.org&utm_campaign=imageinfo&utm_content=original,4000,2716,"This composite image shows the progression of a total solar eclipse as the Sun sets from San Millán de los Caballeros, Spain on, Wednesday, Aug. 12, 2026. A total solar eclipse swept across parts of Greenland, Iceland, northern Russia, the Atlantic Ocean, Spain, and a small corner of Portugal. A partial eclipse was visible in parts of the U.S., mos"
space-17.jpg,solar-system,File:Aurora Australis From ISS.JPG,ISS Expedition 23 crew,Public domain,,https://commons.wikimedia.org/wiki/File:Aurora_Australis_From_ISS.JPG,https://upload.wikimedia.org/wikipedia/commons/f/f1/Aurora_Australis_From_ISS.JPG?utm_source=commons.wikimedia.org&utm_campaign=imageinfo&utm_content=original,4256,2832,"Aurora Australis Observed From the International Space Station Among the views of Earth afforded astronauts aboard the International Space Station (ISS), surely one of the most spectacular is of the aurora. These ever-shifting displays of colored ribbons, curtains, rays, and spots are most visible near the North (aurora borealis) and South (aurora "
space-18.jpg,solar-system,File:August 2010 CME SDO Multi-Wavelength.jpg,NASA/SDO/AIA,Public domain,,https://commons.wikimedia.org/wiki/File:August_2010_CME_SDO_Multi-Wavelength.jpg,https://upload.wikimedia.org/wikipedia/commons/c/c3/August_2010_CME_SDO_Multi-Wavelength.jpg?utm_source=commons.wikimedia.org&utm_campaign=imageinfo&utm_content=original,4096,4096,"On August 1, 2010, almost the entire Earth-facing side of the sun erupted in a tumult of activity. This image from the Solar Dynamics Observatory of the news-making solar event on August 1 shows the C3-class solar flare (white area on upper left), a solar tsunami (wave-like structure, upper right), multiple filaments of magnetism lifting off the st"
space-19.jpg,solar-system,File:Blue Marble Western Hemisphere.jpg,"NASA images by Reto Stöckli, based on data from NASA and NOAA. Instrument: Terra - MODIS",Public domain,,https://commons.wikimedia.org/wiki/File:Blue_Marble_Western_Hemisphere.jpg,https://upload.wikimedia.org/wikipedia/commons/6/61/Blue_Marble_Western_Hemisphere.jpg?utm_source=commons.wikimedia.org&utm_campaign=imageinfo&utm_content=original,3718,3718,"RELEASE DATE: OCTOBER 9, 2007 Credit: NASA/Goddard Space Flight Center/Reto Stöckli A day’s clouds. The shape and texture of the land. The living ocean. City lights as a beacon of human presence across the globe. This amazingly beautiful view of Earth from space is a fusion of science and art, a showcase for the remote-sensing technology that makes"
space-20.jpg,spaceflight,File:Dramatic Views of Hurricane Florence from the International Space Station From 9 12 (42828603210).jpg,NASA/Goddard Space Flight Center,CC BY 2.0,https://creativecommons.org/licenses/by/2.0,https://commons.wikimedia.org/wiki/File:Dramatic_Views_of_Hurricane_Florence_from_the_International_Space_Station_From_9_12_(42828603210).jpg,https://upload.wikimedia.org/wikipedia/commons/0/04/Dramatic_Views_of_Hurricane_Florence_from_the_International_Space_Station_From_9_12_%2842828603210%29.jpg?utm_source=commons.wikimedia.org&utm_campaign=imageinfo&utm_content=original,5568,3712,"iss056e162175 (Sept. 12, 2018) --- Cameras outside the International Space Station captured a stark and sobering view of Hurricane Florence the morning of Sept. 12 as it churned across the Atlantic in a west-northwesterly direction with winds of 130 miles an hour. The National Hurricane Center forecasts additional strengthening for Florence before "